Title,Abstract,Year_Published,Publication Year,Source,Journal/Book,DOI,Download_URL,Keywords,MeSH_Terms,Authors,PMID,Citation,Create Date,PMCID,NIHMS ID,First Author,Reference
A smart community interactive art therapy platform based on multimodal computer graphics and resilient artificial intelligence for home-based elderly care.,"This research presents an innovative smart community interactive art therapy platform that integrates multimodal computer graphics with resilient artificial intelligence adaptation mechanisms to address the growing challenges of home-based elderly care. The platform employs a four-layered hierarchical architecture encompassing perception, network, platform, and application layers to deliver personalized therapeutic interventions. The system utilizes multimodal data fusion algorithms to process visual, auditory, and haptic inputs while implementing adaptive learning mechanisms that continuously optimize user experiences based on individual preferences and capabilities. Experimental validation demonstrates superior performance with response times averaging 387 ms under 100 concurrent users, therapeutic recommendation accuracy of 87.3%, and user satisfaction scores of 4.2/5.0 across multiple evaluation dimensions. The resilient adaptation mechanisms achieved 99.7% service availability and 34% improvement in CPU utilization compared to conventional systems. Long-term usage tracking revealed sustained engagement patterns with minimal dropout rates over 6-month evaluation periods. The platform successfully addresses key limitations of traditional elderly care models by providing comprehensive support that encompasses cognitive stimulation, emotional well-being, and social connection while maintaining cost-effectiveness and scalability for large-scale deployment in smart community environments.",2025,2025,Scientific reports,Scientific reports,10.1038/s41598-025-27129-z,https://pubmed.ncbi.nlm.nih.gov/41339409/,"['Adaptive systems', 'Elderly care', 'Interactive art therapy', 'Multimodal computer graphics', 'Resilient artificial intelligence', 'Smart community']","['Humans', 'Artificial Intelligence', 'Aged', 'Computer Graphics', 'Home Care Services', 'Art Therapy', 'Female', 'Male', 'Algorithms']","['DianDian Sang', 'Ling Miao', 'Qitao Wu']",41339409,Scientific reports. 2025 Dec 03. 15(1):43057. doi: 10.1038/s41598-025-27129-z.,04-12-2025,PMC12675782,,DianDian Sang,Scientific reports. 2025 Dec 03. 15(1):43057. doi: 10.1038/s41598-025-27129-z.
Utterance-Style-Dependent Speaker Verification Using Emotional Embedding with Pretrained Models.,"Biometric authentication using human physiological and behavioral characteristics has been widely adopted, with speaker verification attracting attention due to its convenience and noncontact nature. Conventional speaker verification systems remain vulnerable to spoofing attacks, however, often requiring integration with separate spoofed speech detection models. In this work, the authors propose an emotion-dependent speaker verification system that integrates speaker characteristics with emotional speech characteristics, enhancing robustness against spoofed speech without relying on additional classification models. By comparing acoustic characteristics of emotions between registered and verification speech using pretrained models, the proposed method reduces the equal error rate compared to conventional speaker verification systems, achieving an average equal error rate of 1.13% for speaker verification and 17.7% for the anti-spoofing task. Researchers additionally conducted a user evaluation experiment to assess the usability of emotion-dependent speaker verification. The results indicate that although emotion-dependent authentication was initially cognitively stressful, participants adapted over time, and the burden was significantly reduced after three sessions. Among the tested emotions (anger, joy, sadness, and neutral), sadness proved most effective, with stable scores, a low error rate, and minimal user strain. These findings suggest that neutral speech is not always the optimal choice for speaker verification and that well-designed emotion-dependent authentication can offer a practical and robust security solution.",2025,2025,"Sensors (Basel, Switzerland)","Sensors (Basel, Switzerland)",10.3390/s25175284,https://pubmed.ncbi.nlm.nih.gov/40942714/,"['biometric authentication', 'emotion embeddings', 'emotion-dependent authentication', 'score fusion', 'speaker verification', 'user usability']","['Humans', 'Emotions', 'Speech', 'Male', 'Female', 'Adult', 'Biometric Identification', 'Young Adult']","['Long Pham Hoang', 'Hibiki Takayama', 'Masafumi Nishida', 'Satoru Tsuge', 'Shingo Kuroiwa']",40942714,"Sensors (Basel, Switzerland). 2025 Aug 25. 25(17). doi: 10.3390/s25175284.",13-09-2025,PMC12431519,,Long Pham Hoang,"Sensors (Basel, Switzerland). 2025 Aug 25. 25(17). doi: 10.3390/s25175284."
Deep Femoral Artery Identification Using Contrast-Enhanced Computed Tomography Images for the Verification of Vascular Injury Risks in Hip Surgery.,"Iatrogenic deep femoral artery (DFA) injury is a serious complication of hip surgery, often resulting from screw or wire placement in the femur owing to the limited visibility of the DFA and its branches during femoral penetration. We aimed to identify the course and location of DFA perforating branches using an imaging-based approach to improve surgical planning and prevent vascular injury during hip procedures, which has not been thoroughly evaluated in prior anatomical studies. We consecutively enrolled 20 female and 20 male participants with unilateral hip osteoarthritis. Contrast-enhanced computed tomography images of the unaffected side were used to identify the DFA. Associations between participant demographics and DFA branch location and trajectory were analyzed. The distance from the apex of the greater trochanter (GTR) to the first DFA perforating branch was significantly shorter in females than in males (mean: 100 (range, 77-122) vs. 113 (range, 99-131) mm, P < 0.001), whereas no significant difference was found for the second branch (mean: 154 (range, 108-242) vs. 160 (range, 128-235) mm, P = 0.73]. The DFA ran within 5 mm of the femur on the medial-posterior aspect at 140 mm and 200 mm distal to the apex of the greater trochanter, typical insertion sites for distal cortical screws in intramedullary nailing for hip fractures. In females, the first DFA perforating branch occurs more proximally than in males, necessitating caution during femoral wiring at this level. These findings help refine anatomical understanding of the DFA course, supporting safer surgical planning for intramedullary fixation. The small sample size (n = 40) is one of the limitations and may affect generalizability.",2025,2025,Cureus,Cureus,10.7759/cureus.89803,https://pubmed.ncbi.nlm.nih.gov/40937224/,"['contrast-enhanced computed tomography images', 'deep femoral artery', 'femoral nailing', 'total hip arthroplasty (tha)', 'vascular injury']",[],"['Yuta Hieda', 'Hyonmin Choe', 'Hiroyuki Ike', 'Koki Abe', 'Masashi Shimoda', 'Ken Kumagai', 'Naomi Kobayashi', 'Yutaka Inaba']",40937224,Cureus. 2025 Aug. 17(8):e89803. doi: 10.7759/cureus.89803.,12-09-2025,PMC12422073,,Yuta Hieda,Cureus. 2025 Aug. 17(8):e89803. doi: 10.7759/cureus.89803.
Flexible Self-Powered Low-Decibel Voice Recognition Mask.,"In environments where silent communication is essential, such as libraries and conference rooms, the need for a discreet means of interaction is paramount. Here, we present a single-electrode, contact-separated triboelectric nanogenerator (CS-TENG) characterized by robust high-frequency sensing capabilities and long-term stability. Integrating this TENG onto the inner surface of a mask allows for the capture of conversational speech signals through airflow vibrations, generating a comprehensive dataset. Employing advanced signal processing techniques, including short-time Fourier transform (STFT), Mel-frequency cepstral coefficients (MFCC), and deep learning neural networks, facilitates the accurate identification of speaker content and verification of their identity. The accuracy rates for each category of vocabulary and identity recognition exceed 92% and 90%, respectively. This system represents a pivotal advancement in facilitating secure and efficient unobtrusive communication in quiet settings, with promising implications for smart home applications, virtual assistant technology, and potential deployment in security and confidentiality-sensitive contexts.",2024,2024,"Sensors (Basel, Switzerland)","Sensors (Basel, Switzerland)",10.3390/s24103007,https://pubmed.ncbi.nlm.nih.gov/38793860/,"['human-computer interaction', 'silent communication', 'speech recognition', 'triboelectric nanogenerators', 'vibration sensors']",[],"['Jianing Li', 'Yating Shi', 'Jianfeng Chen', 'Qiaoling Huang', 'Meidan Ye', 'Wenxi Guo']",38793860,"Sensors (Basel, Switzerland). 2024 May 09. 24(10). doi: 10.3390/s24103007.",25-05-2024,PMC11124924,,Jianing Li,"Sensors (Basel, Switzerland). 2024 May 09. 24(10). doi: 10.3390/s24103007."
Audio-Visual Fusion Based on Interactive Attention for Person Verification.,"With the rapid development of multimedia technology, personnel verification systems have become increasingly important in the security field and identity verification. However, unimodal verification systems have performance bottlenecks in complex scenarios, thus triggering the need for multimodal feature fusion methods. The main problem with audio-visual multimodal feature fusion is how to effectively integrate information from different modalities to improve the accuracy and robustness of the system for individual identity. In this paper, we focus on how to improve multimodal person verification systems and how to combine audio and visual features. In this study, we use pretrained models to extract the embeddings from each modality and then perform fusion model experiments based on these embeddings. The baseline approach in this paper involves taking the fusion feature and passing it through a fully connected (FC) layer. Building upon this baseline, we propose three fusion models based on attentional mechanisms: attention, gated, and inter-attention. These fusion models are trained on the VoxCeleb1 development set and tested on the evaluation sets of the VoxCeleb1, NIST SRE19, and CNC-AV datasets. On the VoxCeleb1 dataset, the best system performance achieved in this study was an equal error rate (EER) of 0.23% and a detection cost function (minDCF) of 0.011. On the evaluation set of NIST SRE19, the EER was 2.60% and the minDCF was 0.283. On the evaluation set of the CNC-AV set, the EER was 11.30% and the minDCF was 0.443. These experimental results strongly demonstrate that the proposed fusion method can significantly improve the performance of multimodal character verification systems.",2023,2023,"Sensors (Basel, Switzerland)","Sensors (Basel, Switzerland)",10.3390/s23249845,https://pubmed.ncbi.nlm.nih.gov/38139689/,"['attention', 'audio–visual fusion', 'face verification', 'gated', 'inter–attention', 'speaker verification']","['Humans', 'Information Technology', 'Biometric Identification']","['Xuebin Jing', 'Liang He', 'Zhida Song', 'Shaolei Wang']",38139689,"Sensors (Basel, Switzerland). 2023 Dec 15. 23(24). doi: 10.3390/s23249845.",23-12-2023,PMC10747811,,Xuebin Jing,"Sensors (Basel, Switzerland). 2023 Dec 15. 23(24). doi: 10.3390/s23249845."
The effect of speech pathology on automatic speaker verification: a large-scale study.,"Navigating the challenges of data-driven speech processing, one of the primary hurdles is accessing reliable pathological speech data. While public datasets appear to offer solutions, they come with inherent risks of potential unintended exposure of patient health information via re-identification attacks. Using a comprehensive real-world pathological speech corpus, with over n[Formula: see text]3800 test subjects spanning various age groups and speech disorders, we employed a deep-learning-driven automatic speaker verification (ASV) approach. This resulted in a notable mean equal error rate (EER) of [Formula: see text], outstripping traditional benchmarks. Our comprehensive assessments demonstrate that pathological speech overall faces heightened privacy breach risks compared to healthy speech. Specifically, adults with dysphonia are at heightened re-identification risks, whereas conditions like dysarthria yield results comparable to those of healthy speakers. Crucially, speech intelligibility does not influence the ASV system's performance metrics. In pediatric cases, particularly those with cleft lip and palate, the recording environment plays a decisive role in re-identification. Merging data across pathological types led to a marked EER decrease, suggesting the potential benefits of pathological diversity in ASV, accompanied by a logarithmic boost in ASV effectiveness. In essence, this research sheds light on the dynamics between pathological speech and speaker verification, emphasizing its crucial role in safeguarding patient confidentiality in our increasingly digitized healthcare era.",2023,2023,Scientific reports,Scientific reports,10.1038/s41598-023-47711-7,https://pubmed.ncbi.nlm.nih.gov/37993490/,[],"['Adult', 'Humans', 'Child', 'Cleft Lip', 'Cleft Palate', 'Speech-Language Pathology', 'Speech Intelligibility', 'Speech Production Measurement', 'Speech']","['Soroosh Tayebi Arasteh', 'Tobias Weise', 'Maria Schuster', 'Elmar Noeth', 'Andreas Maier', 'Seung Hee Yang']",37993490,Scientific reports. 2023 Nov 22. 13(1):20476. doi: 10.1038/s41598-023-47711-7.,23-11-2023,PMC10665418,,Soroosh Tayebi Arasteh,Scientific reports. 2023 Nov 22. 13(1):20476. doi: 10.1038/s41598-023-47711-7.
"Association of neurocognitive disorders with morbidity and mortality in older adults undergoing major surgery in the USA: a retrospective, population-based, cohort study.","Neurocognitive disorders become increasingly common as patients age, and increasing numbers of surgical interventions are done on older patients. The aim of this study was to understand the clinical characteristics and outcomes of surgical patients with neurocognitive disorders in the USA in order to guide future targeted interventions for better care.",2023,2023,The lancet. Healthy longevity,The lancet. Healthy longevity,10.1016/S2666-7568(23)00194-0,https://pubmed.ncbi.nlm.nih.gov/37924842/,[],"['Humans', 'Aged', 'United States', 'Retrospective Studies', 'Cohort Studies', 'Medicare', 'Neurocognitive Disorders', 'Morbidity']","['Alexander T Abess', 'Stacie G Deiner', 'Alexandra Briggs', 'Elizabeth L Whitlock', 'Kristin E Charette', 'Vinca W Chow', 'Shahzad Shaefi', 'Pablo Martinez-Camblor', ""Alistair James O'Malley"", 'Myles Dustin Boone']",37924842,The lancet. Healthy longevity. 2023 Nov. 4(11):e608-e617. doi: 10.1016/S2666-7568(23)00194-0.,05-11-2023,PMC10654795,NIHMS1942264,Alexander T Abess,The lancet. Healthy longevity. 2023 Nov. 4(11):e608-e617. doi: 10.1016/S2666-7568(23)00194-0.
A Smart Image Encryption Technology via Applying Personal Information and Speaker-Verification System.,"In this paper, a framework for authorization and personal image protection that applies user accounts, passwords, and personal I-vectors as the keys for ciphering the image content was developed and connected. There were two main systems in this framework. The first involved a speaker verification system, wherein the user entered their account information and password to log into the system and provided a short voice sample for identification, and then the algorithm transferred the user's voice (biometric) features, along with their account and password details, to a second image encryption system. For the image encryption process, the account name and password presented by the user were applied to produce the initial conditions for hyper-chaotic systems to generate private keys for image-shuffling and ciphering. In the final stage, the biometric features were also applied to protect the content of the image, so the encryption technology would be more robust. The final results of the encryption system were acceptable, as a lower correlation was obtained in the cipher images. The voice database we applied was the Pitch Tracking Database from the Graz University of Technology (PTDB-TUG), which provided the microphone and laryngoscope signals of 20 native English speakers. For image processing, four standard testing images from the University of Southern California-Signal and Image Processing Institute (USC-SIPI), including Lena, F-16, Mandrill, and Peppers, were presented to further demonstrate the effectiveness and efficiency of the smart image encryption algorithm.",2023,2023,"Sensors (Basel, Switzerland)","Sensors (Basel, Switzerland)",10.3390/s23135906,https://pubmed.ncbi.nlm.nih.gov/37447756/,"['authorization', 'hyper-chaotic system', 'novel image encryption', 'speaker verification']","['Computer Security', 'Image Processing, Computer-Assisted', 'Algorithms', 'Biometry', 'Databases, Factual']","['Shih-Yu Li', 'Chun-Hung Lee', 'Lap-Mou Tam']",37447756,"Sensors (Basel, Switzerland). 2023 Jun 26. 23(13). doi: 10.3390/s23135906.",14-07-2023,PMC10347242,,Shih-Yu Li,"Sensors (Basel, Switzerland). 2023 Jun 26. 23(13). doi: 10.3390/s23135906."
Manifestation of depression in speech overlaps with characteristics used to represent and recognize speaker identity.,"The sound of a person's voice is commonly used to identify the speaker. The sound of speech is also starting to be used to detect medical conditions, such as depression. It is not known whether the manifestations of depression in speech overlap with those used to identify the speaker. In this paper, we test the hypothesis that the representations of personal identity in speech, known as speaker embeddings, improve the detection of depression and estimation of depressive symptoms severity. We further examine whether changes in depression severity interfere with the recognition of speaker's identity. We extract speaker embeddings from models pre-trained on a large sample of speakers from the general population without information on depression diagnosis. We test these speaker embeddings for severity estimation in independent datasets consisting of clinical interviews (DAIC-WOZ), spontaneous speech (VocalMind), and longitudinal data (VocalMind). We also use the severity estimates to predict presence of depression. Speaker embeddings, combined with established acoustic features (OpenSMILE), predicted severity with root mean square error (RMSE) values of 6.01 and 6.28 in DAIC-WOZ and VocalMind datasets, respectively, lower than acoustic features alone or speaker embeddings alone. When used to detect depression, speaker embeddings showed higher balanced accuracy (BAc) and surpassed previous state-of-the-art performance in depression detection from speech, with BAc values of 66% and 64% in DAIC-WOZ and VocalMind datasets, respectively. Results from a subset of participants with repeated speech samples show that the speaker identification is affected by changes in depression severity. These results suggest that depression overlaps with personal identity in the acoustic space. While speaker embeddings improve depression detection and severity estimation, deterioration or improvement in mood may interfere with speaker verification.",2023,2023,Scientific reports,Scientific reports,10.1038/s41598-023-35184-7,https://pubmed.ncbi.nlm.nih.gov/37429935/,[],"['Humans', 'Speech', 'Depression', 'Voice', 'Acoustics', 'Affect']","['Sri Harsha Dumpala', 'Katerina Dikaios', 'Sebastian Rodriguez', 'Ross Langley', 'Sheri Rempel', 'Rudolf Uher', 'Sageev Oore']",37429935,Scientific reports. 2023 Jul 10. 13(1):11155. doi: 10.1038/s41598-023-35184-7.,11-07-2023,PMC10333314,,Sri Harsha Dumpala,Scientific reports. 2023 Jul 10. 13(1):11155. doi: 10.1038/s41598-023-35184-7.
Face mask effects on speaker verification performance in the presence of noise.,"Due to its spread via physical contact and the regulations on wearing face masks, COVID-19 has resulted in tough challenges for speaker recognition. Masks may aid in preventing COVID-19 transmission, although the implications of the mask on system performance in a clean environment and with varying levels of background noise are unclear. The face mask has an impact on speech output. The task of comprehending speech while wearing a face mask is made more difficult by the mask's frequency response and radiation qualities, which is vary depending on the material and design of the mask. In this study, we recorded speech while wearing a face mask to see how different masks affected a state-of-the-art text-independent speaker verification system using an i-vector speaker identification system. This research investigates the influence of facial coverings on speaker verification. To address this, we investigated the effect of fabric masks on speaker identification in a cafeteria setting. These results present preliminary speaker recognition rates as well as mask verification trials. The result shows that masks had little to no effect in low background noise, with an EER of 2.4-2.5% in 20 dB SNR for both masks compared to no mask at the same level. In noisy conditions, accuracy was 12.7-13.0% lowers than without a mask with a 5 dB SNR, indicating that while different masks perform similarly in low background noise levels, they become more noticeable in high noise levels.",2023,2023,Multimedia tools and applications,Multimedia tools and applications,10.1007/s11042-023-15824-w,https://pubmed.ncbi.nlm.nih.gov/37362700/,"['Background noise', 'Face mask', 'MFCC', 'Speaker verification', 'i-vector']",[],['Khamis A Al-Karawi'],37362700,Multimedia tools and applications. 2023 May 29. 1-14. doi: 10.1007/s11042-023-15824-w.,26-06-2023,PMC10225750,,Khamis A Al-Karawi,Multimedia tools and applications. 2023 May 29. 1-14. doi: 10.1007/s11042-023-15824-w.
"Automatic Speaker Recognition System Based on Gaussian Mixture Models, Cepstral Analysis, and Genetic Selection of Distinctive Features.","This article presents the Automatic Speaker Recognition System (ASR System), which successfully resolves problems such as identification within an open set of speakers and the verification of speakers in difficult recording conditions similar to telephone transmission conditions. The article provides complete information on the architecture of the various internal processing modules of the ASR System. The speaker recognition system proposed in the article, has been compared very closely to other competing systems, achieving improved speaker identification and verification results, on known certified voice dataset. The ASR System owes this to the dual use of genetic algorithms both in the feature selection process and in the optimization of the system's internal parameters. This was also influenced by the proprietary feature generation and corresponding classification process using Gaussian mixture models. This allowed the development of a system that makes an important contribution to the current state of the art in speaker recognition systems for telephone transmission applications with known speech coding standards.",2022,2022,"Sensors (Basel, Switzerland)","Sensors (Basel, Switzerland)",10.3390/s22239370,https://pubmed.ncbi.nlm.nih.gov/36502072/,"['Gaussian mixture model', 'cepstral analysis', 'genetic algorithms', 'speaker recognition', 'system comparison', 'system identification', 'system verification']","['Speech', 'Speech Recognition Software', 'Speech Perception', 'Recognition, Psychology', 'Selection, Genetic']","['Kamil A Kamiński', 'Andrzej P Dobrowolski']",36502072,"Sensors (Basel, Switzerland). 2022 Dec 01. 22(23). doi: 10.3390/s22239370.",12-12-2022,PMC9738489,,Kamil A Kamiński,"Sensors (Basel, Switzerland). 2022 Dec 01. 22(23). doi: 10.3390/s22239370."
Lambda-vector modeling temporal and channel interactions for text-independent speaker verification.,"Most of the current excellent models in speaker verification are ResNet-based deep models and attention-based models. These models have a general weakness, which is the large number of parameters and high hardware requirements. On the other hand, many deep structures only generate embedding features from the features extracted by the last frame-level layer, which causes shallow features and channel-related features to be ignored. To solve these problems, this paper proposed a shallow speaker verification model based on Lambda-vector, its main structure is composed of three Lambda-SE modules. The module extracts long-distance dependencies between frame-level features and channel-related interaction information to enhance representation of features. Meanwhile, so that adequately mine the information in deep and shallow features, the model introduces multi-layer feature aggregation to fuse the features of different frame-level layers together. It can increase the detailed information in the deep features and improve the model's ability to represent complex information. The experimental results on the public datasets Voxceleb1 and Voxceleb2 show that the model has more stable training speed, fewer model parameters, and better identification performances than baseline models.",2022,2022,Scientific reports,Scientific reports,10.1038/s41598-022-22977-5,https://pubmed.ncbi.nlm.nih.gov/36307520/,[],[],"['Guangcun Wei', 'Hang Min', 'Yunfei Xu', 'Yanna Zhang']",36307520,Scientific reports. 2022 Oct 28. 12(1):18171. doi: 10.1038/s41598-022-22977-5.,29-10-2022,PMC9616814,,Guangcun Wei,Scientific reports. 2022 Oct 28. 12(1):18171. doi: 10.1038/s41598-022-22977-5.
Bimodal Cochlear Implant Processing based on Assisted Hearing algorithms with CCi-MOBILE: an open-source research platform.,"While speech understanding for cochlear implant (CI) and Hearing aid (HA) users in quiet is relatively effective, listeners experience difficulty in identification of speakers and sound location. Previous studies have reported improved localization and better speech perception when the unilateral CI is coupled with a HA in the contralateral ear. This is referred to as bimodal presentation of speech or electric and acoustic stimulation (EAS). Various CI research interfaces developed by either academic or industry sponsored research teams support proposed signal processing and psychoacoustic investigations but have limited ability to efficiently validate bimodal algorithms. Platforms that support bimodal testing (CI and HA) are either not portable or only provide limited features due to proprietary parameters/routines. CCi-MOBILE, an open-source, portable signal processing research device, developed by UT-Dallas, enables electric and acoustic stimulations simultaneously, thus providing researchers the opportunity to explore new technology and scientific paradigms for the hearing impaired. In the present work, we provide verification and implementation of synchronized bimodal (electric-acoustic) output in an authenticated and efficient manner to support sound and acoustic localization algorithms for experimental investigations.",2022,2022,Annual International Conference of the IEEE Engineering in Medicine and Biology Society. IEEE Engineering in Medicine and Biology Society. Annual International Conference,Annual International Conference of the IEEE Engineering in Medicine and Biology Society. IEEE Engineering in Medicine and Biology Society. Annual International Conference,10.1109/EMBC48229.2022.9871695,https://pubmed.ncbi.nlm.nih.gov/36086056/,[],"['Algorithms', 'Cochlear Implantation', 'Cochlear Implants', 'Hearing', 'Hearing Aids']","['Ria Ghosh', 'John H L Hansen']",36086056,Annual International Conference of the IEEE Engineering in Medicine and Biology Society. IEEE Engineering in Medicine and Biology Society. Annual International Conference. 2022 Jul. 2022:4265-4268. doi: 10.1109/EMBC48229.2022.9871695.,11-09-2022,,,Ria Ghosh,Annual International Conference of the IEEE Engineering in Medicine and Biology Society. IEEE Engineering in Medicine and Biology Society. Annual International Conference. 2022 Jul. 2022:4265-4268. doi: 10.1109/EMBC48229.2022.9871695.
Identification of the hsa_circ_0039466/miR-96-5p/FOXO1 regulatory network in hepatocellular carcinoma by whole-transcriptome analysis.,"Circular RNAs (circRNAs) are important for the process of cancer initiation and progression. However, the role of circRNAs in hepatocellular carcinoma (HCC) remains incompletely understood. Therefore, we further explored the expression network of circRNAs in HCC.",2022,2022,Annals of translational medicine,Annals of translational medicine,10.21037/atm-22-3147,https://pubmed.ncbi.nlm.nih.gov/35965793/,"['Gene Expression Omnibus (GEO)', 'Hepatocellular carcinoma (HCC)', 'The Cancer Genome Atlas (TCGA)', 'circular RNA hsa_circ_0039466', 'competitive endogenous RNA (ceRNA)']",[],"['Feng Yuan', 'Yongchang Tang', 'Mingbo Cao', 'Yupeng Ren', 'Yuxuan Li', 'Gaoyuan Yang', 'Qifeng Ou', 'Francisco Tustumi', 'Giovanni Battista Levi Sandri', 'Driss Raissi', 'Christine Pocha', 'Meihai Deng', 'Zhicheng Yao']",35965793,Annals of translational medicine. 2022 Jul. 10(14):769. doi: 10.21037/atm-22-3147.,16-08-2022,PMC9372669,,Feng Yuan,Annals of translational medicine. 2022 Jul. 10(14):769. doi: 10.21037/atm-22-3147.
Improvement of Speech Recognition Technology in Piano Music Scene Based on Deep Learning of Internet of Things.,"The main goal of speech recognition technology is to use computers to convert human analog speech signals into computer-generated signals, such as behavior patterns or binary codes. Different from speaker identification and speaker confirmation, the latter attempts to identify or confirm the speaker who uttered the speech rather than the lexical content contained in it. The short-term idea is that it should be able to record the musical sound played by the user with a certain musical instrument, then extract the note and duration information from it, and finally generate the corresponding MID file according to the MIDI standard, which can set the type of musical instrument in advance to complete the function of musical sound transformation, such as playing with a harmonica, and playing the MID at the end is the piano sound. With the rapid development of the mobile Internet, fields such as machine learning, electronic communication, and navigation have placed high demands on real-time and standard text recognition technology. This paper merges the sound of visual music into text-based data set training, uses the exported scanner features for model training, uses the model to extract features, then uses the features for prior training, and then uses pretraining. DNN results show that the combined training of target prevention and expansion plans, by replacing long-term and short-term memory networks, end-to-end speech recognition programs, and behavioral tests organized by mobile devices, can provide a larger receptive field combined with expanded convolution instead of long and short periods. The experimental results show that when the input sampling point is 2400, it can be seen that the convergence speed of the model becomes slower with more than 90 iterations and the loss of the model on the verification set increases with the increase in the number of iterations. This shows that the model in this paper can fully meet the needs of speech recognition in piano music scenes.",2022,2022,Computational intelligence and neuroscience,Computational intelligence and neuroscience,10.1155/2022/4024511,https://pubmed.ncbi.nlm.nih.gov/35875750/,[],"['Deep Learning', 'Humans', 'Internet of Things', 'Speech', 'Speech Perception', 'Technology']",['Jie Bai'],35875750,Computational intelligence and neuroscience. 2022. 2022:4024511. doi: 10.1155/2022/4024511.,26-07-2022,PMC9300338,,Jie Bai,Computational intelligence and neuroscience. 2022. 2022:4024511. doi: 10.1155/2022/4024511.
H-VECTORS: Improving the robustness in utterance-level speaker embeddings using a hierarchical attention model.,"In this paper, a hierarchical attention network is proposed to generate robust utterance-level embeddings (H-vectors) for speaker identification and verification. Since different parts of an utterance may have different contributions to speaker identities, the use of hierarchical structure aims to learn speaker related information locally and globally. In the proposed approach, frame-level encoder and attention are applied on segments of an input utterance and generate individual segment vectors. Then, segment level attention is applied on the segment vectors to construct an utterance representation. To evaluate the quality of the learned utterance-level speaker embeddings on speaker identification and verification, the proposed approach is tested on several benchmark datasets, such as the NIST SRE2008 Part1, the Switchboard Cellular (Part1), the CallHome American English Speech ,the Voxceleb1 and Voxceleb2 datasets. In comparison with some strong baselines, the obtained results show that the use of H-vectors can achieve better identification and verification performances in various acoustic conditions.",2021,2021,Neural networks : the official journal of the International Neural Network Society,Neural networks : the official journal of the International Neural Network Society,10.1016/j.neunet.2021.05.024,https://pubmed.ncbi.nlm.nih.gov/34098246/,"['Attention mechanism', 'Hierarchical attention', 'Speaker embeddings', 'Speaker identification', 'Speaker verification']","['Language', 'Speech']","['Yanpei Shi', 'Qiang Huang', 'Thomas Hain']",34098246,Neural networks : the official journal of the International Neural Network Society. 2021 Oct. 142:329-339. doi: 10.1016/j.neunet.2021.05.024.,08-06-2021,,,Yanpei Shi,Neural networks : the official journal of the International Neural Network Society. 2021 Oct. 142:329-339. doi: 10.1016/j.neunet.2021.05.024.
Getting science priorities straight: how to increase the reliability of specimen identification?,"'We advise the authors to find a native English speaker to proofread the manuscript'. This is a standard feedback journals give to non-native English speakers. Journals are justifiably concerned with grammar but do not show the same rigour about another step crucial to biological research: specimen identification. Surveying the author guidelines of 100 journals, we found that only 6% of them request explicitly citation of the literature used in specimen identification. Authors hamper readers from contesting specimen identification whenever vouchers, identification methods, and taxon concepts are not provided. However, unclear taxonomic procedures violate the basic scientific principle of reproducibility. The scientific community must continuously look for practical alternatives to improve taxonomic identification and taxonomic verification. We argue that voucher pictures are an accessible, cheap and time-effective alternative to mitigate (not abolish) bad taxonomy by exposing preventable misidentifications. Voucher pictures allow scientists to judge specimen identification actively, based on available data. The popularization of high-quality image devices, photo-identification technologies and computer vision algorithms yield accurate scientific photo-documentation, improving taxonomic procedures. Taxonomy is timeless, transversal and essential to most scientific disciplines in biological sciences. It is time to demand rigour in taxonomic identifications.",2021,2021,Biology letters,Biology letters,10.1098/rsbl.2020.0874,https://pubmed.ncbi.nlm.nih.gov/33906395/,"['misidentification', 'public databases', 'science policy', 'taxonomy', 'voucher']",['Reproducibility of Results'],"['Filipe Michels Bianchi', 'Leonardo Tresoldi Gonçalves']",33906395,Biology letters. 2021 Apr. 17(4):20200874. doi: 10.1098/rsbl.2020.0874.,29-04-2021,PMC8086990,,Filipe Michels Bianchi,Biology letters. 2021 Apr. 17(4):20200874. doi: 10.1098/rsbl.2020.0874.
Speaker recognition based on deep learning: An overview.,"Speaker recognition is a task of identifying persons from their voices. Recently, deep learning has dramatically revolutionized speaker recognition. However, there is lack of comprehensive reviews on the exciting progress. In this paper, we review several major subtasks of speaker recognition, including speaker verification, identification, diarization, and robust speaker recognition, with a focus on deep-learning-based methods. Because the major advantage of deep learning over conventional methods is its representation ability, which is able to produce highly abstract embedding features from utterances, we first pay close attention to deep-learning-based speaker feature extraction, including the inputs, network structures, temporal pooling strategies, and objective functions respectively, which are the fundamental components of many speaker recognition subtasks. Then, we make an overview of speaker diarization, with an emphasis of recent supervised, end-to-end, and online diarization. Finally, we survey robust speaker recognition from the perspectives of domain adaptation and speech enhancement, which are two major approaches of dealing with domain mismatch and noise problems. Popular and recently released corpora are listed at the end of the paper.",2021,2021,Neural networks : the official journal of the International Neural Network Society,Neural networks : the official journal of the International Neural Network Society,10.1016/j.neunet.2021.03.004,https://pubmed.ncbi.nlm.nih.gov/33744714/,"['Deep learning', 'Robust speaker recognition', 'Speaker diarization', 'Speaker identification', 'Speaker recognition', 'Speaker verification']","['Deep Learning', 'Noise', 'Speech Recognition Software']","['Zhongxin Bai', 'Xiao-Lei Zhang']",33744714,Neural networks : the official journal of the International Neural Network Society. 2021 Aug. 140:65-99. doi: 10.1016/j.neunet.2021.03.004.,22-03-2021,,,Zhongxin Bai,Neural networks : the official journal of the International Neural Network Society. 2021 Aug. 140:65-99. doi: 10.1016/j.neunet.2021.03.004.
Influence of Upper Airway Surgery on Voice and Speech Recognition.,"Upper airway surgery comprises a set of techniques that modify the anatomy of the vocal tract, including tonsillectomy and septoplasty. The objective of this work is to study the changes in acoustic parameters and the effects on the identification or verification of the speaker through the speech produced after the vocal tract surgeries, comparing them with a control group.",2021,2021,The Journal of craniofacial surgery,The Journal of craniofacial surgery,10.1097/SCS.0000000000007175,https://pubmed.ncbi.nlm.nih.gov/33705004/,[],"['Humans', 'Prospective Studies', 'Speech', 'Speech Acoustics', 'Speech Perception', 'Voice', 'Voice Quality']","['Estefanía Hernández-García', 'Laureano Moro Velazquez', 'Ramón González', 'Juan Ignacio Godino Llorente', 'Guillermo Plaza']",33705004,The Journal of craniofacial surgery. 2021 Mar-Apr 01. 32(2):660-663. doi: 10.1097/SCS.0000000000007175.,12-03-2021,,,Estefanía Hernández-García,The Journal of craniofacial surgery. 2021 Mar-Apr 01. 32(2):660-663. doi: 10.1097/SCS.0000000000007175.
Ar-DAD: Arabic diversified audio dataset.,"The automatic identification and verification of speakers through representative audio continue to gain the attention of many researchers with diverse domains of applications. Despite this diversity, the availability of classified and categorized multi-purpose Arabic audio libraries is scarce. Therefore, we introduce a large Arabic-based audio clips dataset (15810 clips) of 30 popular reciters cantillating 37 chapters from the Holy Quran. These chapters have a variable number of verses saved to different subsequent folders, where each verse is allocated one folder containing 30 audio clips for the declared reciters covering the same textual content. An additional 397 audio clips for 12 competent imitators of the top reciters are collected based on popularity and number of views/downloads to allow for cross-comparison of text, reciters, and authenticity. Based on the volume, quality, and rich diversity of this dataset we anticipate a wide range of deployments for speaker identification, in addition to setting a new direction for the structure and organization of similar large audio clips dataset.",2020,2020,Data in brief,Data in brief,10.1016/j.dib.2020.106503,https://pubmed.ncbi.nlm.nih.gov/33294506/,"['Arabic audio clips', 'Cantillations', 'Deep learning', 'Imitators', 'Machine learning', 'Quran recitations', 'Speaker identification']",[],"['Mohammed Lataifeh', 'Ashraf Elnagar']",33294506,Data in brief. 2020 Dec. 33:106503. doi: 10.1016/j.dib.2020.106503.,10-12-2020,PMC7689366,,Mohammed Lataifeh,Data in brief. 2020 Dec. 33:106503. doi: 10.1016/j.dib.2020.106503.
Phonetic variability constrained bottleneck features for joint speaker recognition and physical task stress detection.,"Normalizing intrinsic variabilities (e.g., variability in speech production brought on by aging, physical or cognitive task stress, Lombard effect, etc.) in speech and speaker recognition models is essential for system robustness. This study focuses on analysis of speech under physical task stress with its application for speaker recognition and physical task stress detection. An innovative framework using deep neural networks (DNNs) for joint text-independent speaker recognition and physical task stress detection is proposed. Instead of processing consecutive feature frames like d-vectors (i.e., average of frame-level speaker specific features extracted with a speaker discriminative trained DNN), phonetic variability constrained feature vectors as inputs to train deep bottleneck neural networks is proposed. More specifically, a universal background model (UBM) with a small number of mixtures is employed to align the acoustic features. The innovative feature representation is then generated by selecting and concatenating frames according to the alignments from the UBM. The benefit of feature rearrangement is twofold. First, phonetic variability is largely constrained in the front-end feature vector. Second, by sampling a determined number of representations for each speaker/utterance, the issue of data imbalance and over-fitting is alleviated. Experiments for speaker recognition and physical stress detection are conducted on the UTScope-Physical Task Stress Corpus. Improved performance in terms of accuracy (for identification/detection task) and Equal Error Rate (for verification task) over a strong i-vector probabilistic linear discriminant analysis system confirms the effectiveness of this proposed method.",2020,2020,The Journal of the Acoustical Society of America,The Journal of the Acoustical Society of America,10.1121/10.0002455,https://pubmed.ncbi.nlm.nih.gov/33261416/,[],"['Discriminant Analysis', 'Neural Networks, Computer', 'Phonetics', 'Speech', 'Speech Recognition Software']","['Chunlei Zhang', 'John H L Hansen']",33261416,The Journal of the Acoustical Society of America. 2020 Nov. 148(5):2912. doi: 10.1121/10.0002455.,03-12-2020,,,Chunlei Zhang,The Journal of the Acoustical Society of America. 2020 Nov. 148(5):2912. doi: 10.1121/10.0002455.
Bidirectional Attention for Text-Dependent Speaker Verification.,"Automatic speaker verification provides a flexible and effective way for biometric authentication. Previous deep learning-based methods have demonstrated promising results, whereas a few problems still require better solutions. In prior works examining speaker discriminative neural networks, the speaker representation of the target speaker is regarded as a fixed one when comparing with utterances from different speakers, and the joint information between enrollment and evaluation utterances is ignored. In this paper, we propose to combine CNN-based feature learning with a bidirectional attention mechanism to achieve better performance with only one enrollment utterance. The evaluation-enrollment joint information is exploited to provide interactive features through bidirectional attention. In addition, we introduce one individual cost function to identify the phonetic contents, which contributes to calculating the attention score more specifically. These interactive features are complementary to the constant ones, which are extracted from individual speakers separately and do not vary with the evaluation utterances. The proposed method archived a competitive equal error rate of 6.26% on the internal ""DAN DAN NI HAO"" benchmark dataset with 1250 utterances and outperformed various baseline methods, including the traditional i-vector/PLDA, d-vector, self-attention, and sequence-to-sequence attention models.",2020,2020,"Sensors (Basel, Switzerland)","Sensors (Basel, Switzerland)",10.3390/s20236784,https://pubmed.ncbi.nlm.nih.gov/33261046/,"['CNN', 'bidirectional attention', 'interactive representation', 'text-dependent speaker verification']","['Algorithms', 'Biometric Identification', 'Neural Networks, Computer']","['Xin Fang', 'Tian Gao', 'Liang Zou', 'Zhenhua Ling']",33261046,"Sensors (Basel, Switzerland). 2020 Nov 27. 20(23). doi: 10.3390/s20236784.",03-12-2020,PMC7730222,,Xin Fang,"Sensors (Basel, Switzerland). 2020 Nov 27. 20(23). doi: 10.3390/s20236784."
Safety practices and opportunities for improvement in brachytherapy: A patient safety practices survey of the American Brachytherapy Society membership.,"Safe delivery of brachytherapy and establishing a safety culture are critical in high-quality brachytherapy. The American Brachytherapy Society (ABS) Quality and Safety Committee surveyed members regarding brachytherapy services offered, safety practices during treatment, quality assurance procedures, and needs to develop safety and training materials.",2020,2020,Brachytherapy,Brachytherapy,10.1016/j.brachy.2020.08.014,https://pubmed.ncbi.nlm.nih.gov/32952055/,"['Brachytherapy', 'Practice survey', 'Quality', 'Safety']","['Brachytherapy', 'Checklist', 'Communication', 'Female', 'Genital Neoplasms, Female', 'Humans', 'Male', 'Organizational Culture', 'Patient Identification Systems', 'Patient Safety', 'Personnel Staffing and Scheduling', 'Prostatic Neoplasms', 'Quality Assurance, Health Care', 'Quality Improvement', 'Radiation Oncology', 'Risk Management', 'Surveys and Questionnaires', 'Time Factors']","['Jason C Sanders', 'Timothy N Showalter', 'Zoubir Ouhib', 'Bruce R Thomadsen', 'Dayee Jacob', 'Manuj Agarwal', ""Gil'ad N Cohen"", 'Matt Giles', 'Geethpriya Palaniswammy', 'Abhishek A Solanki', 'Neil K Taunk', 'Members of the ABS Quality and Safety Committee']",32952055,Brachytherapy. 2020. 19(6):762-766. doi: 10.1016/j.brachy.2020.08.014.,22-09-2020,PMC8380311,NIHMS1732110,Jason C Sanders,Brachytherapy. 2020. 19(6):762-766. doi: 10.1016/j.brachy.2020.08.014.
Standardization of the Prosody in Use Battery (PUB): a speech prosody perception test in Danish.,"Assessment of prosody perception may be useful in a number of clinical scenarios, including the rehabilitation of cochlear implant recipients. It is with this group in mind that we have derived and standardized a battery of tests that assess speech prosody perception in the Danish language. The prosodic contrasts included in the battery are vowel length, compounds and phrases, emotions, questions and statements, prominence and pronoun reference, all of which are commonly encountered in everyday communication. Lists of candidate stimuli were compiled and recorded by a representative speaker of Danish. All candidate stimuli were presented to normal hearing subjects (",2019,2019,Clinical linguistics & phonetics,Clinical linguistics & phonetics,10.1080/02699206.2019.1615990,https://pubmed.ncbi.nlm.nih.gov/31112661/,"['Danish', 'assessment', 'cochlear implant', 'prosody']","['Adult', 'Denmark', 'Emotions', 'Female', 'Humans', 'Language', 'Male', 'Speech Discrimination Tests', 'Speech Perception', 'Young Adult']","['David Jackson Morris', 'Line Burholt Kristensen', 'John Tøndering']",31112661,Clinical linguistics & phonetics. 2019. 33(12):1165-1183. doi: 10.1080/02699206.2019.1615990.,22-05-2019,,,David Jackson Morris,Clinical linguistics & phonetics. 2019. 33(12):1165-1183. doi: 10.1080/02699206.2019.1615990.
Effect of Functional Endoscopic Sinus Surgery on Voice and Speech Recognition.,"Functional Endoscopic Sinus Surgery (FESS) is the surgery of choice for nasal polyposis and chronic rhinosinusitis. The aim of our study is to assess the influence of this surgery in the acoustic parameters of voice, and their implications in the systems of identification or verification of the speaker through the speech.",2020,2020,Journal of voice : official journal of the Voice Foundation,Journal of voice : official journal of the Voice Foundation,10.1016/j.jvoice.2019.02.012,https://pubmed.ncbi.nlm.nih.gov/30853310/,"['Acoustic analysis', 'Automatic identification', 'FESS', 'Formants']","['Acoustics', 'Adult', 'Chronic Disease', 'Endoscopy', 'Female', 'Humans', 'Machine Learning', 'Male', 'Middle Aged', 'Nasal Polyps', 'Pattern Recognition, Automated', 'Prospective Studies', 'Rhinitis', 'Sinusitis', 'Sound Spectrography', 'Speech Production Measurement', 'Speech Recognition Software', 'Time Factors', 'Treatment Outcome', 'Vocal Cords', 'Voice Quality']","['Estefanía Hernández-García', 'Laureano Moro-Velázquez', 'Ramón González-Herranz', 'Juan Ignacio Godino-Llorente', 'Guillermo Plaza']",30853310,Journal of voice : official journal of the Voice Foundation. 2020 Jul. 34(4):650.e1-650.e6. doi: 10.1016/j.jvoice.2019.02.012.,12-03-2019,,,Estefanía Hernández-García,Journal of voice : official journal of the Voice Foundation. 2020 Jul. 34(4):650.e1-650.e6. doi: 10.1016/j.jvoice.2019.02.012.
